{"SubTexture":[{"frameY":0,"y":780,"frameWidth":185,"height":224,"frameHeight":224,"width":184,"name":"bich1","frameX":-1,"x":1},{"frameY":0,"y":780,"frameWidth":185,"height":224,"frameHeight":224,"width":184,"name":"co1","frameX":-1,"x":373},{"frameY":0,"y":780,"frameWidth":185,"height":224,"frameHeight":224,"width":184,"name":"co1_1","frameX":-1,"x":187},{"frameY":-23,"y":1,"frameWidth":481,"height":777,"frameHeight":800,"width":434,"name":"Main_dealer2_ani","frameX":-13,"x":1},{"x":437,"y":1,"width":32,"name":"fin2","height":35},{"x":471,"y":1,"width":27,"name":"fin3","height":39}],"imagePath":"PokerKing_tex.png","width":1024,"name":"PokerKing","height":1024}