{"frameRate":24,"version":"5.0","armature":[{"frameRate":24,"defaultActions":[{"gotoAndPlay":"animtion0"}],"ik":[],"bone":[{"transform":{},"name":"root"},{"transform":{"y":-25.2593,"x":150.884},"name":"finger1","parent":"root"},{"transform":{"y":-31.1574,"x":5.5804},"name":"bone","parent":"finger1"},{"transform":{"scY":1.0496,"scX":0.9566},"name":"bone1","parent":"bone"},{"transform":{"y":9.2382,"x":13.0649,"scY":1.1202,"scX":1.1202},"name":"c1","parent":"bone1"},{"transform":{"y":-3.4786},"name":"c2","parent":"c1"},{"transform":{"y":0.6493},"name":"c3","parent":"c1"}],"animation":[{"bone":[{"frame":[{"transform":{},"duration":10,"tweenEasing":0},{"transform":{},"duration":40,"tweenEasing":null}],"name":"root"},{"frame":[{"transform":{"skX":42,"skY":42},"duration":16,"tweenEasing":0},{"transform":{"skX":17,"skY":17},"duration":14,"tweenEasing":0},{"transform":{"skX":17,"skY":17},"duration":20,"tweenEasing":0},{"transform":{"skX":17,"skY":17},"duration":0,"tweenEasing":null}],"name":"finger1"},{"frame":[{"transform":{},"duration":50,"tweenEasing":null}],"name":"bone"},{"frame":[{"transform":{},"duration":10,"tweenEasing":null},{"transform":{"skX":7,"skY":7},"duration":8,"tweenEasing":0},{"transform":{"skX":32,"skY":32},"duration":32,"tweenEasing":null}],"name":"bone1"},{"frame":[{"transform":{},"duration":14,"tweenEasing":null},{"transform":{},"duration":10,"tweenEasing":0},{"transform":{"skX":11,"skY":11},"duration":26,"tweenEasing":null}],"name":"c1"},{"frame":[{"transform":{},"duration":16,"tweenEasing":null},{"transform":{},"duration":10,"tweenEasing":0},{"transform":{"skX":-24,"skY":-24},"duration":24,"tweenEasing":null}],"name":"c2"},{"frame":[{"transform":{},"duration":18,"tweenEasing":null},{"transform":{},"duration":8,"tweenEasing":0},{"transform":{"y":-1.2731,"x":-2.8642,"skX":-45,"skY":-45},"duration":24,"tweenEasing":null}],"name":"c3"}],"duration":50,"frame":[],"slot":[],"ffd":[],"name":"animtion0","playTimes":0}],"type":"Armature","aabb":{"x":-240.5,"y":-400,"width":496.28739123917853,"height":800},"name":"Armature","skin":[{"name":"","slot":[{"display":[{"type":"image","transform":{"y":-50.2211,"x":-5.2957,"scY":0.3202,"scX":0.3099},"name":"co1"}],"name":"co1"},{"display":[{"type":"image","transform":{},"name":"fin2"}],"name":"fin21"},{"display":[{"type":"image","transform":{"y":-24.8019,"x":4.3403},"name":"fin3"}],"name":"fin3"},{"display":[{"type":"image","transform":{"y":-55.3025,"x":-6.0055,"scY":0.3066,"scX":0.3037},"name":"bich1"}],"name":"bich1"},{"display":[{"type":"image","transform":{"y":-13.8295},"name":"fin2"}],"name":"fin2"},{"display":[{"type":"image","transform":{},"name":"Main_dealer2_ani"}],"name":"Main_dealer2_ani"},{"display":[{"type":"image","transform":{"y":-52.1551,"x":-5.3137,"scY":0.3309,"scX":0.3199},"name":"co1_1"}],"name":"2co"}]}],"slot":[{"color":{},"name":"bich1","parent":"c3"},{"z":1,"color":{},"name":"co1","parent":"c2"},{"z":2,"color":{},"name":"2co","parent":"c1"},{"z":3,"color":{},"name":"Main_dealer2_ani","parent":"root"},{"z":4,"color":{},"name":"fin2","parent":"finger1"},{"z":5,"color":{},"name":"fin3","parent":"bone1"},{"z":6,"color":{},"name":"fin21","parent":"bone"}]}],"name":"PokerKing","isGlobal":0}